{
  "hash": "e7662b26",
  "configHash": "858385b5",
  "lockfileHash": "01825d17",
  "browserHash": "98309069",
  "optimized": {
    "@angular/common": {
      "src": "../../../../../../node_modules/@angular/common/fesm2022/common.mjs",
      "file": "@angular_common.js",
      "fileHash": "304d4e79",
      "needsInterop": false
    },
    "@angular/common/http": {
      "src": "../../../../../../node_modules/@angular/common/fesm2022/http.mjs",
      "file": "@angular_common_http.js",
      "fileHash": "fb2bab41",
      "needsInterop": false
    },
    "@angular/core": {
      "src": "../../../../../../node_modules/@angular/core/fesm2022/core.mjs",
      "file": "@angular_core.js",
      "fileHash": "01a7a7c8",
      "needsInterop": false
    },
    "@angular/forms": {
      "src": "../../../../../../node_modules/@angular/forms/fesm2022/forms.mjs",
      "file": "@angular_forms.js",
      "fileHash": "4c6d04ab",
      "needsInterop": false
    },
    "@angular/platform-browser": {
      "src": "../../../../../../node_modules/@angular/platform-browser/fesm2022/platform-browser.mjs",
      "file": "@angular_platform-browser.js",
      "fileHash": "3c8a3b4c",
      "needsInterop": false
    },
    "@angular/platform-browser/animations": {
      "src": "../../../../../../node_modules/@angular/platform-browser/fesm2022/animations.mjs",
      "file": "@angular_platform-browser_animations.js",
      "fileHash": "5b7105c3",
      "needsInterop": false
    },
    "@angular/router": {
      "src": "../../../../../../node_modules/@angular/router/fesm2022/router.mjs",
      "file": "@angular_router.js",
      "fileHash": "495e30b9",
      "needsInterop": false
    },
    "@swimlane/ngx-charts": {
      "src": "../../../../../../node_modules/@swimlane/ngx-charts/fesm2022/swimlane-ngx-charts.mjs",
      "file": "@swimlane_ngx-charts.js",
      "fileHash": "f651ab0b",
      "needsInterop": false
    },
    "file-saver": {
      "src": "../../../../../../node_modules/file-saver/dist/FileSaver.min.js",
      "file": "file-saver.js",
      "fileHash": "c45085fa",
      "needsInterop": true
    },
    "rxjs": {
      "src": "../../../../../../node_modules/rxjs/dist/esm5/index.js",
      "file": "rxjs.js",
      "fileHash": "10ff5d36",
      "needsInterop": false
    },
    "zone.js": {
      "src": "../../../../../../node_modules/zone.js/fesm2015/zone.js",
      "file": "zone__js.js",
      "fileHash": "bed084dd",
      "needsInterop": true
    }
  },
  "chunks": {
    "chunk-DIES6O33": {
      "file": "chunk-DIES6O33.js"
    },
    "chunk-3WUCCGAO": {
      "file": "chunk-3WUCCGAO.js"
    },
    "chunk-X3JX3R3C": {
      "file": "chunk-X3JX3R3C.js"
    },
    "chunk-N6NH7WVB": {
      "file": "chunk-N6NH7WVB.js"
    },
    "chunk-652JEMDE": {
      "file": "chunk-652JEMDE.js"
    },
    "chunk-5KK3G4LL": {
      "file": "chunk-5KK3G4LL.js"
    },
    "chunk-5DRGI6ZH": {
      "file": "chunk-5DRGI6ZH.js"
    },
    "chunk-LBJ2ABPH": {
      "file": "chunk-LBJ2ABPH.js"
    },
    "chunk-3OV72XIM": {
      "file": "chunk-3OV72XIM.js"
    }
  }
}